feature,mean_abs_shap,share_pct,rank
PAY_0,0.5277424300337831,28.990737933973556,1
LIMIT_BAL,0.2066838960937845,11.353869474629809,2
BILL_AMT1,0.1279360677491956,7.027975772542278,3
PAY_AMT2,0.09312303235729633,5.11557394866753,4
PAY_AMT3,0.09245646119363057,5.07895686271721,5
PAY_2,0.08874181810805264,4.874898522732413,6
PAY_3,0.0860776627988089,4.7285471513243085,7
PAY_AMT1,0.08178664388645362,4.492826470783514,8
PAY_6,0.060229639445819584,3.3086248019127362,9
PAY_4,0.052968170396013495,2.9097269035096986,10
PAY_AMT6,0.04676876163149912,2.5691716920856145,11
MARRIAGE,0.04664816515931549,2.5625469059743033,12
PAY_5,0.04333783833873167,2.3806990728841995,13
PAY_AMT4,0.042340921016927796,2.325934916785542,14
SEX,0.036024596144716876,1.9789570945467958,15
PAY_AMT5,0.03442084637802084,1.8908575093097708,16
BILL_AMT2,0.033052128446318725,1.8156690450034874,17
BILL_AMT3,0.029433806291858978,1.616901950733811,18
BILL_AMT6,0.022755029063831898,1.2500133525880661,19
EDUCATION,0.020523992267388772,1.1274546963083463,20
AGE,0.020273324006358357,1.1136846117930033,21
BILL_AMT5,0.01525120855369884,0.8378022406277914,22
BILL_AMT4,0.011806440286874324,0.6485690685662141,23
