feature,importance
PAY_0,0.2637302303514848
PAY_2,0.10286792147832971
PAY_3,0.06205465246962891
PAY_4,0.05946390757015723
LIMIT_BAL,0.05288438831208422
PAY_6,0.042159624513441865
PAY_AMT2,0.041053445825664905
BILL_AMT1,0.03957453463090967
PAY_AMT1,0.03858849672867108
PAY_5,0.036124543501676494
PAY_AMT3,0.03510409137547801
BILL_AMT2,0.028424931752367405
PAY_AMT4,0.026946988767484116
PAY_AMT6,0.024919129423446575
PAY_AMT5,0.02466775337181263
BILL_AMT3,0.02446510989658176
BILL_AMT4,0.023339217201971473
BILL_AMT5,0.02123249817240354
BILL_AMT6,0.020851109195663468
AGE,0.018098456613741782
EDUCATION,0.00496233940712541
SEX,0.004554281791545215
MARRIAGE,0.003932347648329787
