feature,beta_logit,shap_mean_abs,logit_mean_abs,shap_share_pct,logit_share_pct,shap_rank,logit_rank,dir_shap,dir_logit,cung_chieu
PAY_0,-0.7682576467999368,0.5277424300337831,0.5079111577544755,40.233515445056916,42.6252936318959,1,1,1.0,1.0,Có
LIMIT_BAL,-0.37352609519557445,0.2066838960937845,0.147086997974594,15.756966376953052,12.343943192387767,2,2,-1.0,-1.0,Có
PAY_AMT2,-0.192169059987229,0.09312303235729633,0.05703242719851638,7.0994234069790005,4.7863172894729855,3,8,-1.0,-1.0,Có
PAY_AMT3,-0.22915531411113876,0.09245646119363057,0.06321639065353096,7.048606001209942,5.305292417415205,4,5,-1.0,-1.0,Có
PAY_3,-0.19498934323805409,0.0860776627988089,0.07928800402882206,6.562305356930623,6.654066172039524,5,3,1.0,1.0,Có
PAY_AMT1,-0.23911985684807516,0.08178664388645362,0.07549220942672363,6.235170819587803,6.335512706515887,6,4,-1.0,-1.0,Có
PAY_6,-0.19724906220746694,0.060229639445819584,0.05711322152621311,4.5917288263868965,4.793097770447433,7,7,1.0,1.0,Có
PAY_4,-0.12089090514352478,0.052968170396013495,0.041841247730213395,4.0381359929463985,3.5114319565458065,8,11,1.0,1.0,Có
PAY_AMT6,-0.18844557191149822,0.04676876163149912,0.05108103441454836,3.5655114812857693,4.286860128388109,9,10,-1.0,-1.0,Có
PAY_5,-0.1713491199102103,0.04333783833873167,0.05299483058189975,3.303948079454447,4.447471137497666,10,9,1.0,1.0,Có
EDUCATION,-0.38505766002778846,0.020523992267388772,0.05851469904682396,1.5646882132091502,4.9107135973937215,11,6,,,Không áp dụng (biến danh mục)
