variable,raw_values,woe,n_obs,beta,points
EDUCATION,4,1.2897,386,-0.3851,74
EDUCATION,1,0.1726,8455,-0.3851,49
EDUCATION,2,-0.0925,11256,-0.3851,43
EDUCATION,3,-0.1604,3903,-0.3851,42
LIMIT_BAL,"[370000, 1000000]",0.7986,1959,-0.3735,63
LIMIT_BAL,"[280000, 360000]",0.531,2774,-0.3735,57
LIMIT_BAL,"220000, 230000, 240000, 250000, 260000, 270000",0.3911,2352,-0.3735,54
LIMIT_BAL,"150000, 160000, 170000, 180000",0.3048,2674,-0.3735,52
LIMIT_BAL,"190000, 200000, 210000",0.2679,2028,-0.3735,51
LIMIT_BAL,"110000, 120000, 130000, 140000",-0.0552,2248,-0.3735,44
LIMIT_BAL,"80000, 90000, 100000",-0.1289,2588,-0.3735,43
LIMIT_BAL,"40000, 50000",-0.2775,2890,-0.3735,39
LIMIT_BAL,"60000, 70000",-0.3672,1231,-0.3735,37
LIMIT_BAL,"10000, 16000, 20000, 30000",-0.7057,3256,-0.3735,30
PAY_0,0,0.6601,11781,-0.7683,75
PAY_0,-2,0.6697,2198,-0.7683,75
PAY_0,-1,0.3532,4527,-0.7683,61
PAY_0,1,-0.6116,3000,-0.7683,18
PAY_0,"5, 6, 7, 8",-1.4479,53,-0.7683,-19
PAY_0,4,-1.9005,58,-0.7683,-39
PAY_0,2,-2.0758,2138,-0.7683,-47
PAY_0,3,-2.452,245,-0.7683,-63
PAY_3,-1,0.4334,4733,-0.195,50
PAY_3,0,0.2872,12636,-0.195,49
PAY_3,-2,0.2569,3270,-0.195,48
PAY_3,"1, 2",-1.3308,3052,-0.195,30
PAY_3,4,-1.4593,60,-0.195,29
PAY_3,3,-1.5737,192,-0.195,28
PAY_3,"5, 6, 7, 8",-2.0318,57,-0.195,23
PAY_4,-1,0.4045,4531,-0.1209,48
PAY_4,-2,0.2189,3477,-0.1209,47
PAY_4,0,0.2269,13180,-0.1209,47
PAY_4,"1, 2",-1.3641,2544,-0.1209,36
PAY_4,3,-1.6992,143,-0.1209,34
PAY_4,4,-1.8406,53,-0.1209,33
PAY_4,"5, 6, 7, 8",-1.9518,72,-0.1209,32
PAY_5,-1,0.3511,4417,-0.1713,49
PAY_5,-2,0.1811,3659,-0.1713,47
PAY_5,0,0.1992,13560,-0.1713,47
PAY_5,2,-1.4438,2102,-0.1713,31
PAY_5,4,-1.5374,65,-0.1713,30
PAY_5,3,-1.629,142,-0.1713,29
PAY_5,"5, 6, 7, 8",-2.5349,55,-0.1713,20
PAY_6,-1,0.3346,4576,-0.1972,49
PAY_6,0,0.1946,13008,-0.1972,48
PAY_6,-2,0.1442,3942,-0.1972,47
PAY_6,2,-1.2855,2230,-0.1972,31
PAY_6,3,-1.7659,149,-0.1972,25
PAY_6,"4, 5, 6, 7, 8",-2.2883,95,-0.1972,19
PAY_AMT1,"[10228, 873552]",0.6949,2400,-0.2391,55
PAY_AMT1,"[6222, 10222]",0.5429,2400,-0.2391,53
PAY_AMT1,"[4349, 6220]",0.4309,2400,-0.2391,51
PAY_AMT1,"[3001, 4348]",0.0916,2332,-0.2391,47
PAY_AMT1,"[1725, 2100]",0.0318,2396,-0.2391,46
PAY_AMT1,"[1269, 1724]",-0.0464,2403,-0.2391,45
PAY_AMT1,"[2101, 3000]",-0.0397,2468,-0.2391,45
PAY_AMT1,"[327, 1268]",-0.0286,2361,-0.2391,45
PAY_AMT1,"[0, 326]",-0.6012,4840,-0.2391,37
PAY_AMT2,"[10414, 1215471]",0.8279,2400,-0.1922,55
PAY_AMT2,"[6001, 10411]",0.4674,2376,-0.1922,51
PAY_AMT2,"[4101, 6000]",0.3166,2397,-0.1922,49
PAY_AMT2,"[2015, 3000]",0.0515,2810,-0.1922,46
PAY_AMT2,"[3001, 4100]",0.0535,2013,-0.1922,46
PAY_AMT2,"[275, 1169]",-0.0256,2402,-0.1922,45
PAY_AMT2,"[1601, 2014]",0.0112,2344,-0.1922,45
PAY_AMT2,"[1170, 1600]",-0.204,2458,-0.1922,43
PAY_AMT2,"[0, 274]",-0.5268,4800,-0.1922,40
PAY_AMT3,"[10001, 896040]",0.7056,2325,-0.2292,55
PAY_AMT3,"[5333, 10000]",0.3906,2475,-0.2292,51
PAY_AMT3,"[3601, 5330]",0.3312,2373,-0.2292,50
PAY_AMT3,"[2501, 3600]",0.1365,2276,-0.2292,47
PAY_AMT3,"[1806, 2500]",0.0236,2551,-0.2292,46
PAY_AMT3,"[782, 1206]",-0.025,2341,-0.2292,45
PAY_AMT3,"[1207, 1805]",-0.0807,2400,-0.2292,44
PAY_AMT3,"[3, 780]",-0.0698,2450,-0.2292,44
PAY_AMT3,"0, 1, 2",-0.5164,4809,-0.2292,39
PAY_AMT6,"[9509, 528666]",0.7026,2400,-0.1884,53
PAY_AMT6,"[5001, 9507]",0.3292,2151,-0.1884,49
PAY_AMT6,"[3179, 5000]",0.2856,2649,-0.1884,48
PAY_AMT6,"[2102, 3170]",0.1535,2343,-0.1884,47
PAY_AMT6,"[1501, 2100]",0.0039,2231,-0.1884,45
PAY_AMT6,"[417, 1000]",-0.1324,3251,-0.1884,44
PAY_AMT6,"[1001, 1500]",-0.1244,1775,-0.1884,44
PAY_AMT6,"[0, 416]",-0.3052,7200,-0.1884,42
